repeated_times,Accuracy,Precision,Recall,F1,AUC,CV_list(AUC)
30,0.8565891472868219,0.6598510010164407,0.6240296361778935,0.6235821747684571,0.6240296361778935,"[0.6471861471861471, 0.6147186147186147, 0.5368589743589743, 0.6426282051282052, 0.6832611832611832, 0.6993939393939393, 0.6363636363636364, 0.6868686868686869, 0.5309090909090909, 0.6163636363636363, 0.6114864864864865, 0.75, 0.6702741702741702, 0.6795634920634921, 0.6233974358974359, 0.623030303030303, 0.46153846153846156, 0.6599099099099098, 0.6490384615384616, 0.6987179487179488, 0.5632244467860905, 0.7581818181818182, 0.5724206349206349, 0.5524412296564195, 0.5765765765765767, 0.5331890331890332, 0.5673076923076923, 0.6699819168173599, 0.536075036075036, 0.6699819168173599]"
