repeated_times,Accuracy,Precision,Recall,F1,AUC,CV_list(AUC)
30,0.8623415361670396,0.7768010650169271,0.8279021666220672,0.7955180942926391,0.8279021666220672,"[0.8443760870965664, 0.8204816838696621, 0.8369528900768459, 0.8625615763546799, 0.8455332546241638, 0.8326344086021504, 0.7869477427520944, 0.8808945557579436, 0.8626393094118404, 0.8428199632578076, 0.8334337894038937, 0.7806853400385941, 0.8146356399265157, 0.8073447636700649, 0.8369076869076869, 0.829260572296784, 0.8231206147677915, 0.8163398692810458, 0.7831926818269663, 0.824711718095729, 0.8151114206128134, 0.8136351128233351, 0.8463236202000247, 0.8101439101439102, 0.8251930868574323, 0.8217105263157894, 0.8281507980187122, 0.8051386283093601, 0.8410248726400958, 0.8651588747217162]"
